{"mean":{"confidence_interval":{"confidence_level":0.95,"lower_bound":17132.97785980189,"upper_bound":17450.448547109947},"point_estimate":17246.452058928353,"standard_error":92.9077414981975},"median":{"confidence_interval":{"confidence_level":0.95,"lower_bound":17121.761401557287,"upper_bound":17126.543625914317},"point_estimate":17123.835457271365,"standard_error":1.2850507653281502},"median_abs_dev":{"confidence_interval":{"confidence_level":0.95,"lower_bound":8.96195929807826,"upper_bound":17.695392645615538},"point_estimate":12.62158558246073,"standard_error":2.3651376467422645},"slope":{"confidence_interval":{"confidence_level":0.95,"lower_bound":17125.611316785427,"upper_bound":17141.31662092145},"point_estimate":17132.45210738727,"standard_error":4.045362878797427},"std_dev":{"confidence_interval":{"confidence_level":0.95,"lower_bound":34.21849311279265,"upper_bound":1584.8503492148654},"point_estimate":931.520071066731,"standard_error":516.8293631450084}}